GEN UID,Bus ID,Gen ID,Unit Group,Unit Type,Category,Fuel,MW Inj,MVAR Inj,V Setpoint p.u.,PMax MW,PMin MW,QMax MVAR,QMin MVAR,Min Down Time Hr,Min Up Time Hr,Ramp Rate MW/Min,Start Time Cold Hr,Start Time Warm Hr,Start Time Hot Hr,Start Heat Cold MBTU,Start Heat Warm MBTU,Start Heat Hot MBTU,Non Fuel Start Cost $,Non Fuel Shutdown Cost $,FOR,MTTF Hr,MTTR Hr,Scheduled Maint Weeks,Fuel Price $/MMBTU,Output_pct_0,Output_pct_1,Output_pct_2,Output_pct_3,Output_pct_4,HR_avg_0,HR_incr_1,HR_incr_2,HR_incr_3,HR_incr_4,VOM,Fuel Sulfur Content %,Emissions SO2 Lbs/MMBTU,Emissions NOX Lbs/MMBTU,Emissions Part Lbs/MMBTU,Emissions CO2 Lbs/MMBTU,Emissions CH4 Lbs/MMBTU,Emissions N2O Lbs/MMBTU,Emissions CO Lbs/MMBTU,Emissions VOCs Lbs/MMBTU,Damping Ratio,Inertia MJ/MW,Base MVA,Transformer X p.u.,Unit X p.u.,Pump Load MW,Storage Roundtrip Efficiency
101_CT_1,101,1,U20,CT,Oil CT,Oil,8,4.96,1.0468,20,8,10,0,1,1,3,1,0,0,5,5,5,0,0,0.1,450,50,2,10.3494,0.4,0.6,0.8,1,NA,13114,9456,9476,10352,NA,0,0.2,0.2,0.5,0.036,160,0.002,0.004,0.11,0.04,0,2.8,24,0.13,0.32,0,0
101_CT_2,101,2,U20,CT,Oil CT,Oil,8,4.96,1.0468,20,8,10,0,1,1,3,1,0,0,5,5,5,0,0,0.1,450,50,2,10.3494,0.4,0.6,0.8,1,NA,13114,9456,9476,10352,NA,0,0.2,0.2,0.5,0.036,160,0.002,0.004,0.11,0.04,0,2.8,24,0.13,0.32,0,0
101_STEAM_3,101,3,U76,STEAM,Coal,Coal,76,0.14,1.0468,76,30,30,-25,4,8,2,12,10,3,5284.8,4861.4,3379.4,0,0,0.02,1960,40,3,2.11399,0.394736842,0.596491228,0.798245614,1,NA,13270,6713,8028,8549,NA,0,Unit-specific,Unit-specific,Unit-specific,Unit-specific,210,0.001,0.004,0.02,0.003,0,3,89,0.13,0.3,0,0
101_STEAM_4,101,4,U76,STEAM,Coal,Coal,76,0.14,1.0468,76,30,30,-25,4,8,2,12,10,3,5284.8,4861.4,3379.4,0,0,0.02,1960,40,3,2.11399,0.394736842,0.596491228,0.798245614,1,NA,13270,6713,8028,8549,NA,0,Unit-specific,Unit-specific,Unit-specific,Unit-specific,210,0.001,0.004,0.02,0.003,0,3,89,0.13,0.3,0,0
102_CT_1,101,1,U20,CT,Oil CT,Oil,8,4.88,1.0467,20,8,10,0,1,1,3,1,0,0,5,5,5,0,0,0.1,450,50,2,10.3494,0.4,0.6,0.8,1,NA,14639,8597,9147,9622,NA,0,0.2,0.2,0.5,0.036,160,0.002,0.004,0.11,0.04,0,2.8,24,0.13,0.32,0,0
102_CT_2,101,2,U20,CT,Oil CT,Oil,8,4.88,1.0467,20,8,10,0,1,1,3,1,0,0,5,5,5,0,0,0.1,450,50,2,10.3494,0.4,0.6,0.8,1,NA,14639,8597,9147,9622,NA,0,0.2,0.2,0.5,0.036,160,0.002,0.004,0.11,0.04,0,2.8,24,0.13,0.32,0,0
102_STEAM_3,101,3,U76,STEAM,Coal,Coal,76,-2.31,1.0467,76,30,30,-25,4,8,2,12,10,3,5284.8,4861.4,3379.4,0,0,0.02,1960,40,3,2.11399,0.394736842,0.596491228,0.798245614,1,NA,11591,8734,9861,10651,NA,0,Unit-specific,Unit-specific,Unit-specific,Unit-specific,210,0.001,0.004,0.02,0.003,0,3,89,0.13,0.3,0,0
102_STEAM_4,101,4,U76,STEAM,Coal,Coal,76,-2.31,1.0467,76,30,30,-25,4,8,2,12,10,3,5284.8,4861.4,3379.4,0,0,0.02,1960,40,3,2.11399,0.394736842,0.596491228,0.798245614,1,NA,11591,8734,9861,10651,NA,0,Unit-specific,Unit-specific,Unit-specific,Unit-specific,210,0.001,0.004,0.02,0.003,0,3,89,0.13,0.3,0,0
107_CC_1,101,1,U355,CC,Gas CC,NG,355,49.51,1.05,355,170,150,-25,4.5,8,4.14,2,1,0.5,7215.1,4536.1,3196.6,0,0,0.033,967,33,1.07,3.88722,0.478873239,0.65258216,0.82629108,1,NA,7222,5970,6892,7854,NA,0,0,0.0006,0.079999998,0,118,0,0,0,0,0,5,414,0.13,0.3,0,0
113_CT_1,101,1,U55,CT,Gas CT,NG,55,19,1.0347,55,22,19,-15,2.2,2.2,3.7,1,0.75,0.25,1457.4,1122.5,452.8,0,0,0.031,969,31,0.79,3.88722,0.4,0.6,0.8,1,NA,13125,6899,7602,7797,NA,0,0,0.0006,0.079999998,0,118,0,0,0,0,0,2.8,64,0.13,0.32,0,0
113_CT_2,101,2,U55,CT,Gas CT,NG,55,19,1.0347,55,22,19,-15,2.2,2.2,3.7,1,0.75,0.25,1457.4,1122.5,452.8,0,0,0.031,969,31,0.79,3.88722,0.4,0.6,0.8,1,NA,13125,6899,7602,7797,NA,0,0,0.0006,0.079999998,0,118,0,0,0,0,0,2.8,64,0.13,0.32,0,0
113_CT_3,101,3,U55,CT,Gas CT,NG,55,19,1.0347,55,22,19,-15,2.2,2.2,3.7,1,0.75,0.25,1457.4,1122.5,452.8,0,0,0.031,969,31,0.79,3.88722,0.4,0.6,0.8,1,NA,13125,6899,7602,7797,NA,0,0,0.0006,0.079999998,0,118,0,0,0,0,0,2.8,64,0.13,0.32,0,0
113_CT_4,101,4,U55,CT,Gas CT,NG,55,19,1.0347,55,22,19,-15,2.2,2.2,3.7,1,0.75,0.25,1457.4,1122.5,452.8,0,0,0.031,969,31,0.79,3.88722,0.4,0.6,0.8,1,NA,13125,6899,7602,7797,NA,0,0,0.0006,0.079999998,0,118,0,0,0,0,0,2.8,64,0.13,0.32,0,0
115_STEAM_1,101,1,U12,STEAM,Oil ST,Oil,5,6,1.0428,12,5,6,0,2,4,1,12,4,2,68,44,38,0,0,0.02,2940,60,2,10.3494,0.416666667,0.611111111,0.805555556,1,NA,17340,12030,12083,12913,NA,0,Unit-Specific,Unit-specific,0.5,0.1,170,0.002,0.004,0.04,0.007,0,2.8,14,0.13,0.32,0,0
115_STEAM_2,101,2,U12,STEAM,Oil ST,Oil,5,6,1.0428,12,5,6,0,2,4,1,12,4,2,68,44,38,0,0,0.02,2940,60,2,10.3494,0.416666667,0.611111111,0.805555556,1,NA,17340,12030,12083,12913,NA,0,Unit-Specific,Unit-specific,0.5,0.1,170,0.002,0.004,0.04,0.007,0,2.8,14,0.13,0.32,0,0
115_STEAM_3,101,3,U155,STEAM,Coal,Coal,155,80,1.0428,155,62,80,-50,8,8,3,60,11,3,10778.1,7437.5,6892.1,0,0,0.04,960,40,4,2.11399,0.4,0.6,0.8,1,NA,11446,9650,10640,12796,NA,0,Unit-specific,Unit-specific,Unit-specific,Unit-specific,210,0.001,0.004,0.02,0.003,0,3,182,0.13,0.3,0,0
116_STEAM_1,101,1,U155,STEAM,Coal,Coal,155,80,1.0461,155,62,80,-50,8,8,3,60,11,3,10778.1,7437.5,6892.1,0,0,0.04,960,40,4,2.11399,0.4,0.6,0.8,1,NA,13238,9312,10158,11294,NA,0,Unit-specific,Unit-specific,Unit-specific,Unit-specific,210,0.001,0.004,0.02,0.003,0,3,182,0.13,0.3,0,0
118_CC_1,101,1,U355,CC,Gas CC,NG,355,68.43,1.05,355,170,150,-25,4.5,8,4.14,2,1,0.5,7215.1,4536.1,3196.6,0,0,0.033,967,33,1.07,3.88722,0.478873239,0.65258216,0.82629108,1,NA,7257,5808,7140,8351,NA,0,0,0.0006,0.079999998,0,118,0,0,0,0,0,5,414,0.13,0.3,0,0
123_STEAM_2,101,2,U155,STEAM,Coal,Coal,155,-5.19,1.05,155,62,80,-50,8,8,3,60,11,3,10778.1,7437.5,6892.1,0,0,0.04,960,40,4,2.11399,0.4,0.6,0.8,1,NA,10967,9191,10865,15627,NA,0,Unit-specific,Unit-specific,Unit-specific,Unit-specific,210,0.001,0.004,0.02,0.003,0,3,182,0.13,0.3,0,0
123_STEAM_3,101,3,U350,STEAM,Coal,Coal,350,28.41,1.05,350,140,150,-25,48,24,4,96,12,8,17384.1,10114.4,9768.2,0,0,0.08,1150,100,5,2.11399,0.4,0.6,0.8,1,NA,12106,9453,10240,11087,NA,0,Unit-specific,Unit-specific,Unit-specific,Unit-specific,210,0.001,0.004,0.02,0.003,0,3,412,0.13,0.3,0,0
123_CT_1,101,1,U55,CT,Gas CT,NG,55,0.62,1.05,55,22,19,-15,2.2,2.2,3.7,1,0.75,0.25,1457.4,1122.5,452.8,0,0,0.031,969,31,0.79,3.88722,0.4,0.6,0.8,1,NA,12725,6757,7667,7998,NA,0,0,0.0006,0.079999998,0,118,0,0,0,0,0,2.8,64,0.13,0.32,0,0
123_CT_4,101,4,U55,CT,Gas CT,NG,55,0.62,1.05,55,22,19,-15,2.2,2.2,3.7,1,0.75,0.25,1457.4,1122.5,452.8,0,0,0.031,969,31,0.79,3.88722,0.4,0.6,0.8,1,NA,12725,6757,7667,7998,NA,0,0,0.0006,0.079999998,0,118,0,0,0,0,0,2.8,64,0.13,0.32,0,0
123_CT_5,101,5,U55,CT,Gas CT,NG,55,0.62,1.05,55,22,19,-15,2.2,2.2,3.7,1,0.75,0.25,1457.4,1122.5,452.8,0,0,0.031,969,31,0.79,3.88722,0.4,0.6,0.8,1,NA,12725,6757,7667,7998,NA,0,0,0.0006,0.079999998,0,118,0,0,0,0,0,2.8,64,0.13,0.32,0,0
201_CT_1,201,1,U20,CT,Oil CT,Oil,8,5.29,1.05,20,8,10,0,1,1,3,1,0,0,5,5,5,0,0,0.1,450,50,2,10.3494,0.4,0.6,0.8,1,NA,13977,7969,8107,10782,NA,0,0.2,0.2,0.5,0.036,160,0.002,0.004,0.11,0.04,0,2.8,24,0.13,0.32,0,0
201_CT_2,201,2,U20,CT,Oil CT,Oil,8,5.29,1.05,20,8,10,0,1,1,3,1,0,0,5,5,5,0,0,0.1,450,50,2,10.3494,0.4,0.6,0.8,1,NA,13977,7969,8107,10782,NA,0,0.2,0.2,0.5,0.036,160,0.002,0.004,0.11,0.04,0,2.8,24,0.13,0.32,0,0
201_STEAM_3,201,3,U76,STEAM,Coal,Coal,76,6.99,1.05,76,30,30,-25,4,8,2,12,10,3,5284.8,4861.4,3379.4,0,0,0.02,1960,40,3,2.11399,0.394736842,0.596491228,0.798245614,1,NA,12989,10495,11090,12185,NA,0,Unit-specific,Unit-specific,Unit-specific,Unit-specific,210,0.001,0.004,0.02,0.003,0,3,89,0.13,0.3,0,0
202_CT_1,201,1,U20,CT,Oil CT,Oil,8,5.13,1.05,20,8,10,0,1,1,3,1,0,0,5,5,5,0,0,0.1,450,50,2,10.3494,0.4,0.6,0.8,1,NA,13663,7836,8442,9454,NA,0,0.2,0.2,0.5,0.036,160,0.002,0.004,0.11,0.04,0,2.8,24,0.13,0.32,0,0
202_CT_2,201,2,U20,CT,Oil CT,Oil,8,5.13,1.05,20,8,10,0,1,1,3,1,0,0,5,5,5,0,0,0.1,450,50,2,10.3494,0.4,0.6,0.8,1,NA,13663,7836,8442,9454,NA,0,0.2,0.2,0.5,0.036,160,0.002,0.004,0.11,0.04,0,2.8,24,0.13,0.32,0,0
202_STEAM_3,201,3,U76,STEAM,Coal,Coal,76,2.01,1.05,76,30,30,-25,4,8,2,12,10,3,5284.8,4861.4,3379.4,0,0,0.02,1960,40,3,2.11399,0.394736842,0.596491228,0.798245614,1,NA,11846,9989,10070,12902,NA,0,Unit-specific,Unit-specific,Unit-specific,Unit-specific,210,0.001,0.004,0.02,0.003,0,3,89,0.13,0.3,0,0
202_STEAM_4,201,4,U76,STEAM,Coal,Coal,76,2.01,1.05,76,30,30,-25,4,8,2,12,10,3,5284.8,4861.4,3379.4,0,0,0.02,1960,40,3,2.11399,0.394736842,0.596491228,0.798245614,1,NA,11846,9989,10070,12902,NA,0,Unit-specific,Unit-specific,Unit-specific,Unit-specific,210,0.001,0.004,0.02,0.003,0,3,89,0.13,0.3,0,0
207_CT_1,201,1,U55,CT,Gas CT,NG,55,19,0.9699,55,22,19,-15,2.2,2.2,3.7,1,0.75,0.25,1457.4,1122.5,452.8,0,0,0.031,969,31,0.79,3.88722,0.4,0.6,0.8,1,NA,13051,8804,9481,10955,NA,0,0,0.0006,0.079999998,0,118,0,0,0,0,0,2.8,64,0.13,0.32,0,0
207_CT_2,201,2,U55,CT,Gas CT,NG,55,19,0.9699,55,22,19,-15,2.2,2.2,3.7,1,0.75,0.25,1457.4,1122.5,452.8,0,0,0.031,969,31,0.79,3.88722,0.4,0.6,0.8,1,NA,13051,8804,9481,10955,NA,0,0,0.0006,0.079999998,0,118,0,0,0,0,0,2.8,64,0.13,0.32,0,0
213_CC_3,201,3,U355,CC,Gas CC,NG,355,135.8,1.05,355,170,150,-25,4.5,8,4.14,2,1,0.5,7215.1,4536.1,3196.6,0,0,0.033,967,33,1.07,3.88722,0.478873239,0.65258216,0.82629108,1,NA,7824,6334,6979,8749,NA,0,0,0.0006,0.079999998,0,118,0,0,0,0,0,5,414,0.13,0.3,0,0
213_CT_1,201,1,U55,CT,Gas CT,NG,55,9.23,1.05,55,22,19,-15,2.2,2.2,3.7,1,0.75,0.25,1457.4,1122.5,452.8,0,0,0.031,969,31,0.79,3.88722,0.4,0.6,0.8,1,NA,13125,6899,7602,7797,NA,0,0,0.0006,0.079999998,0,118,0,0,0,0,0,2.8,64,0.13,0.32,0,0
213_CT_2,201,2,U55,CT,Gas CT,NG,55,9.23,1.05,55,22,19,-15,2.2,2.2,3.7,1,0.75,0.25,1457.4,1122.5,452.8,0,0,0.031,969,31,0.79,3.88722,0.4,0.6,0.8,1,NA,13125,6899,7602,7797,NA,0,0,0.0006,0.079999998,0,118,0,0,0,0,0,2.8,64,0.13,0.32,0,0
215_CT_4,201,4,U55,CT,Gas CT,NG,55,19,1.0437,55,22,19,-15,2.2,2.2,3.7,1,0.75,0.25,1457.4,1122.5,452.8,0,0,0.031,969,31,0.79,3.88722,0.4,0.6,0.8,1,NA,14229,6668,6987,8421,NA,0,0,0.0006,0.079999998,0,118,0,0,0,0,0,2.8,64,0.13,0.32,0,0
215_CT_5,201,5,U55,CT,Gas CT,NG,55,19,1.0437,55,22,19,-15,2.2,2.2,3.7,1,0.75,0.25,1457.4,1122.5,452.8,0,0,0.031,969,31,0.79,3.88722,0.4,0.6,0.8,1,NA,14229,6668,6987,8421,NA,0,0,0.0006,0.079999998,0,118,0,0,0,0,0,2.8,64,0.13,0.32,0,0
216_STEAM_1,201,1,U155,STEAM,Coal,Coal,155,80,1.0473,155,62,80,-50,8,8,3,60,11,3,10778.1,7437.5,6892.1,0,0,0.04,960,40,4,2.11399,0.4,0.6,0.8,1,NA,10881,8786,10333,11191,NA,0,Unit-specific,Unit-specific,Unit-specific,Unit-specific,210,0.001,0.004,0.02,0.003,0,3,182,0.13,0.3,0,0
218_CC_1,201,1,U355,CC,Gas CC,NG,355,60.3,1.05,355,170,150,-25,4.5,8,4.14,2,1,0.5,7215.1,4536.1,3196.6,0,0,0.033,967,33,1.07,3.88722,0.478873239,0.65258216,0.82629108,1,NA,11385,5388,5575,7658,NA,0,0,0.0006,0.079999998,0,118,0,0,0,0,0,5,414,0.13,0.3,0,0
221_CC_1,201,1,U355,CC,Gas CC,NG,296.97,-7.52,1.05,355,170,150,-25,4.5,8,4.14,2,1,0.5,7215.1,4536.1,3196.6,0,0,0.033,967,33,1.07,3.88722,0.478873239,0.65258216,0.82629108,1,NA,6887,5950,6772,9293,NA,0,0,0.0006,0.079999998,0,118,0,0,0,0,0,5,414,0.13,0.3,0,0
223_STEAM_1,201,1,U155,STEAM,Coal,Coal,155,-10.31,1.05,155,62,80,-50,8,8,3,60,11,3,10778.1,7437.5,6892.1,0,0,0.04,960,40,4,2.11399,0.4,0.6,0.8,1,NA,10857,9004,9314,9659,NA,0,Unit-specific,Unit-specific,Unit-specific,Unit-specific,210,0.001,0.004,0.02,0.003,0,3,182,0.13,0.3,0,0
223_STEAM_2,201,2,U155,STEAM,Coal,Coal,155,-10.31,1.05,155,62,80,-50,8,8,3,60,11,3,10778.1,7437.5,6892.1,0,0,0.04,960,40,4,2.11399,0.4,0.6,0.8,1,NA,10857,9004,9314,9659,NA,0,Unit-specific,Unit-specific,Unit-specific,Unit-specific,210,0.001,0.004,0.02,0.003,0,3,182,0.13,0.3,0,0
223_STEAM_3,201,3,U350,STEAM,Coal,Coal,350,20.59,1.05,350,140,150,-25,48,24,4,96,12,8,17384.1,10114.4,9768.2,0,0,0.08,1150,100,5,2.11399,0.4,0.6,0.8,1,NA,11229,8922,10913,11645,NA,0,Unit-specific,Unit-specific,Unit-specific,Unit-specific,210,0.001,0.004,0.02,0.003,0,3,412,0.13,0.3,0,0
223_CT_4,201,4,U55,CT,Gas CT,NG,22,0.24,1.05,55,22,19,-15,2.2,2.2,3.7,1,0.75,0.25,1457.4,1122.5,452.8,0,0,0.031,969,31,0.79,3.88722,0.4,0.6,0.8,1,NA,19794,9595,10225,10676,NA,0,0,0.0006,0.079999998,0,118,0,0,0,0,0,2.8,64,0.13,0.32,0,0
223_CT_5,201,5,U55,CT,Gas CT,NG,22,0.24,1.05,55,22,19,-15,2.2,2.2,3.7,1,0.75,0.25,1457.4,1122.5,452.8,0,0,0.031,969,31,0.79,3.88722,0.4,0.6,0.8,1,NA,19794,9595,10225,10676,NA,0,0,0.0006,0.079999998,0,118,0,0,0,0,0,2.8,64,0.13,0.32,0,0
223_CT_6,201,6,U55,CT,Gas CT,NG,22,0.24,1.05,55,22,19,-15,2.2,2.2,3.7,1,0.75,0.25,1457.4,1122.5,452.8,0,0,0.031,969,31,0.79,3.88722,0.4,0.6,0.8,1,NA,19794,9595,10225,10676,NA,0,0,0.0006,0.079999998,0,118,0,0,0,0,0,2.8,64,0.13,0.32,0,0
301_CT_1,301,1,U20,CT,Oil CT,Oil,8,7.95,1.05,20,8,10,0,1,1,3,1,0,0,5,5,5,0,0,0.1,450,50,2,10.3494,0.4,0.6,0.8,1,NA,14593,8431,9633,10181,NA,0,0.2,0.2,0.5,0.036,160,0.002,0.004,0.11,0.04,0,2.8,24,0.13,0.32,0,0
301_CT_2,301,2,U20,CT,Oil CT,Oil,8,7.95,1.05,20,8,10,0,1,1,3,1,0,0,5,5,5,0,0,0.1,450,50,2,10.3494,0.4,0.6,0.8,1,NA,14593,8431,9633,10181,NA,0,0.2,0.2,0.5,0.036,160,0.002,0.004,0.11,0.04,0,2.8,24,0.13,0.32,0,0
301_CT_3,301,3,U55,CT,Gas CT,NG,44,16.53,1.05,55,22,19,-15,2.2,2.2,3.7,1,0.75,0.25,1457.4,1122.5,452.8,0,0,0.031,969,31,0.79,3.88722,0.4,0.6,0.8,1,NA,13090,7324,7534,11253,NA,0,0,0.0006,0.079999998,0,118,0,0,0,0,0,2.8,64,0.13,0.32,0,0
301_CT_4,301,4,U55,CT,Gas CT,NG,44,16.53,1.05,55,22,19,-15,2.2,2.2,3.7,1,0.75,0.25,1457.4,1122.5,452.8,0,0,0.031,969,31,0.79,3.88722,0.4,0.6,0.8,1,NA,13090,7324,7534,11253,NA,0,0,0.0006,0.079999998,0,118,0,0,0,0,0,2.8,64,0.13,0.32,0,0
302_CT_1,301,1,U20,CT,Oil CT,Oil,8,6.16,1.05,20,8,10,0,1,1,3,1,0,0,5,5,5,0,0,0.1,450,50,2,10.3494,0.4,0.6,0.8,1,NA,14593,8431,9633,10181,NA,0,0.2,0.2,0.5,0.036,160,0.002,0.004,0.11,0.04,0,2.8,24,0.13,0.32,0,0
302_CT_2,301,2,U20,CT,Oil CT,Oil,8,6.16,1.05,20,8,10,0,1,1,3,1,0,0,5,5,5,0,0,0.1,450,50,2,10.3494,0.4,0.6,0.8,1,NA,14593,8431,9633,10181,NA,0,0.2,0.2,0.5,0.036,160,0.002,0.004,0.11,0.04,0,2.8,24,0.13,0.32,0,0
302_CT_3,301,3,U55,CT,Gas CT,NG,55,10.99,1.05,55,22,19,-15,2.2,2.2,3.7,1,0.75,0.25,1457.4,1122.5,452.8,0,0,0.031,969,31,0.79,3.88722,0.4,0.6,0.8,1,NA,15395,8693,9874,9939,NA,0,0,0.0006,0.079999998,0,118,0,0,0,0,0,2.8,64,0.13,0.32,0,0
302_CT_4,301,4,U55,CT,Gas CT,NG,55,10.99,1.05,55,22,19,-15,2.2,2.2,3.7,1,0.75,0.25,1457.4,1122.5,452.8,0,0,0.031,969,31,0.79,3.88722,0.4,0.6,0.8,1,NA,15395,8693,9874,9939,NA,0,0,0.0006,0.079999998,0,118,0,0,0,0,0,2.8,64,0.13,0.32,0,0
307_CT_1,301,1,U55,CT,Gas CT,NG,55,19,0.9568,55,22,19,-15,2.2,2.2,3.7,1,0.75,0.25,1457.4,1122.5,452.8,0,0,0.031,969,31,0.79,3.88722,0.4,0.6,0.8,1,NA,13353,7176,7517,9126,NA,0,0,0.0006,0.079999998,0,118,0,0,0,0,0,2.8,64,0.13,0.32,0,0
307_CT_2,301,2,U55,CT,Gas CT,NG,55,19,0.9568,55,22,19,-15,2.2,2.2,3.7,1,0.75,0.25,1457.4,1122.5,452.8,0,0,0.031,969,31,0.79,3.88722,0.4,0.6,0.8,1,NA,13353,7176,7517,9126,NA,0,0,0.0006,0.079999998,0,118,0,0,0,0,0,2.8,64,0.13,0.32,0,0
313_CC_1,301,1,U355,CC,Gas CC,NG,355,150,1.035,355,170,150,-25,4.5,8,4.14,2,1,0.5,7215.1,4536.1,3196.6,0,0,0.033,967,33,1.07,3.88722,0.478873239,0.65258216,0.82629108,1,NA,7934,4047,6883,8683,NA,0,0,0.0006,0.079999998,0,118,0,0,0,0,0,5,414,0.13,0.3,0,0
315_STEAM_1,301,1,U12,STEAM,Oil ST,Oil,5,6,1.0422,12,5,6,0,2,4,1,12,4,2,68,44,38,0,0,0.02,2940,60,2,10.3494,0.416666667,0.611111111,0.805555556,1,NA,14410,7289,9701,11991,NA,0,Unit-Specific,Unit-specific,0.5,0.1,170,0.002,0.004,0.04,0.007,0,2.8,14,0.13,0.32,0,0
315_STEAM_2,301,2,U12,STEAM,Oil ST,Oil,5,6,1.0422,12,5,6,0,2,4,1,12,4,2,68,44,38,0,0,0.02,2940,60,2,10.3494,0.416666667,0.611111111,0.805555556,1,NA,14410,7289,9701,11991,NA,0,Unit-Specific,Unit-specific,0.5,0.1,170,0.002,0.004,0.04,0.007,0,2.8,14,0.13,0.32,0,0
315_STEAM_3,301,3,U12,STEAM,Oil ST,Oil,5,6,1.0422,12,5,6,0,2,4,1,12,4,2,68,44,38,0,0,0.02,2940,60,2,10.3494,0.416666667,0.611111111,0.805555556,1,NA,14410,7289,9701,11991,NA,0,Unit-Specific,Unit-specific,0.5,0.1,170,0.002,0.004,0.04,0.007,0,2.8,14,0.13,0.32,0,0
315_STEAM_4,301,4,U12,STEAM,Oil ST,Oil,5,6,1.0422,12,5,6,0,2,4,1,12,4,2,68,44,38,0,0,0.02,2940,60,2,10.3494,0.416666667,0.611111111,0.805555556,1,NA,14410,7289,9701,11991,NA,0,Unit-Specific,Unit-specific,0.5,0.1,170,0.002,0.004,0.04,0.007,0,2.8,14,0.13,0.32,0,0
315_STEAM_5,301,5,U12,STEAM,Oil ST,Oil,5,6,1.0422,12,5,6,0,2,4,1,12,4,2,68,44,38,0,0,0.02,2940,60,2,10.3494,0.416666667,0.611111111,0.805555556,1,NA,14410,7289,9701,11991,NA,0,Unit-Specific,Unit-specific,0.5,0.1,170,0.002,0.004,0.04,0.007,0,2.8,14,0.13,0.32,0,0
315_CT_6,301,6,U55,CT,Gas CT,NG,55,19,1.0422,55,22,19,-15,2.2,2.2,3.7,1,0.75,0.25,1457.4,1122.5,452.8,0,0,0.031,969,31,0.79,3.88722,0.4,0.6,0.8,1,NA,10342,6792,6919,8195,NA,0,0,0.0006,0.079999998,0,118,0,0,0,0,0,2.8,64,0.13,0.32,0,0
315_CT_7,301,7,U55,CT,Gas CT,NG,55,19,1.0422,55,22,19,-15,2.2,2.2,3.7,1,0.75,0.25,1457.4,1122.5,452.8,0,0,0.031,969,31,0.79,3.88722,0.4,0.6,0.8,1,NA,10342,6792,6919,8195,NA,0,0,0.0006,0.079999998,0,118,0,0,0,0,0,2.8,64,0.13,0.32,0,0
315_CT_8,301,8,U55,CT,Gas CT,NG,55,60,1.0422,55,22,60,0,2.2,2.2,3.7,1,0.75,0.25,1457.4,1122.5,452.8,0,0,0.031,969,31,0.79,3.88722,0.4,0.6,0.8,1,NA,10342,6792,6919,8195,NA,0,0,0.0006,0.079999998,0,118,0,0,0,0,0,2.8,64,0.13,0.32,0,0
316_STEAM_1,301,1,U155,STEAM,Coal,Coal,155,80,1.0449,155,62,80,-50,8,8,3,60,11,3,10778.1,7437.5,6892.1,0,0,0.04,960,40,4,2.11399,0.4,0.6,0.8,1,NA,11846,9989,10070,12902,NA,0,Unit-specific,Unit-specific,Unit-specific,Unit-specific,210,0.001,0.004,0.02,0.003,0,3,182,0.13,0.3,0,0
318_CC_1,301,1,U355,CC,Gas CC,NG,355,63.12,1.05,355,170,150,-25,4.5,8,4.14,2,1,0.5,7215.1,4536.1,3196.6,0,0,0.033,967,33,1.07,3.88722,0.478873239,0.65258216,0.82629108,1,NA,7952,6906,7017,8111,NA,0,0,0.0006,0.079999998,0,118,0,0,0,0,0,5,414,0.13,0.3,0,0
321_CC_1,301,1,U355,CC,Gas CC,NG,355,-3.34,1.05,355,170,150,-25,4.5,8,4.14,2,1,0.5,7215.1,4536.1,3196.6,0,0,0.033,967,33,1.07,3.88722,0.478873239,0.65258216,0.82629108,1,NA,7227,5848,6665,8733,NA,0,0,0.0006,0.079999998,0,118,0,0,0,0,0,5,414,0.13,0.3,0,0
322_CT_5,301,5,U55,CT,Gas CT,NG,55,-9.73,1.05,55,22,19,-15,2.2,2.2,3.7,1,0.75,0.25,1457.4,1122.5,452.8,0,0,0.031,969,31,0.79,3.88722,0.4,0.6,0.8,1,NA,12064,6003,6817,7176,NA,0,0,0.0006,0.079999998,0,118,0,0,0,0,0,2.8,64,0.13,0.32,0,0
322_CT_6,301,6,U55,CT,Gas CT,NG,55,-9.73,1.05,55,22,19,-15,2.2,2.2,3.7,1,0.75,0.25,1457.4,1122.5,452.8,0,0,0.031,969,31,0.79,3.88722,0.4,0.6,0.8,1,NA,12064,6003,6817,7176,NA,0,0,0.0006,0.079999998,0,118,0,0,0,0,0,2.8,64,0.13,0.32,0,0
323_CC_1,301,1,U355,CC,Gas CC,NG,355,37.41,1.05,355,170,150,-25,4.5,8,4.14,2,1,0.5,7215.1,4536.1,3196.6,0,0,0.033,967,33,1.07,3.88722,0.478873239,0.65258216,0.82629108,1,NA,7381,6799,7789,8162,NA,0,0,0.0006,0.079999998,0,118,0,0,0,0,0,5,414,0.13,0.3,0,0
323_CC_2,301,2,U355,CC,Gas CC,NG,355,37.41,1.05,355,170,150,-25,4.5,8,4.14,2,1,0.5,7215.1,4536.1,3196.6,0,0,0.033,967,33,1.07,3.88722,0.478873239,0.65258216,0.82629108,1,NA,7381,6799,7789,8162,NA,0,0,0.0006,0.079999998,0,118,0,0,0,0,0,5,414,0.13,0.3,0,0
121_NUCLEAR_1,101,1,U400,NUCLEAR,Nuclear,Nuclear,400,-21.87,1.05,400,396,200,-50,48,24,20,9999,9999,9999,78978,0,9999,0,0,0.12,1100,150,6,0.81035,0.99,0.993333333,0.996666667,1,NA,10000,0,0,0,NA,0,0,0,0,0,0,0,0,0,0,0,5,471,0.15,0.4,0,0
122_HYDRO_1,101,1,U50,HYDRO,Hydro,Hydro,50,-6.79,1.05,50,0,16,-10,0,0,50,0,0,0,0,0,0,0,0,0.01,1980,20,2,0,1,0,0,0,NA,3412,0,0,0,NA,0,0,0,0,0,0,0,0,0,0,0,3.5,53,0.1,0.28,0,0
122_HYDRO_2,101,2,U50,HYDRO,Hydro,Hydro,50,-6.79,1.05,50,0,16,-10,0,0,50,0,0,0,0,0,0,0,0,0.01,1980,20,2,0,1,0,0,0,NA,3412,0,0,0,NA,0,0,0,0,0,0,0,0,0,0,0,3.5,53,0.1,0.28,0,0
122_HYDRO_3,101,3,U50,HYDRO,Hydro,Hydro,50,-6.79,1.05,50,0,16,-10,0,0,50,0,0,0,0,0,0,0,0,0.01,1980,20,2,0,1,0,0,0,NA,3412,0,0,0,NA,0,0,0,0,0,0,0,0,0,0,0,3.5,53,0.1,0.28,0,0
122_HYDRO_4,101,4,U50,HYDRO,Hydro,Hydro,50,-6.79,1.05,50,0,16,-10,0,0,50,0,0,0,0,0,0,0,0,0.01,1980,20,2,0,1,0,0,0,NA,3412,0,0,0,NA,0,0,0,0,0,0,0,0,0,0,0,3.5,53,0.1,0.28,0,0
122_HYDRO_5,101,5,U50,HYDRO,Hydro,Hydro,50,-6.79,1.05,50,0,16,-10,0,0,50,0,0,0,0,0,0,0,0,0.01,1980,20,2,0,1,0,0,0,NA,3412,0,0,0,NA,0,0,0,0,0,0,0,0,0,0,0,3.5,53,0.1,0.28,0,0
122_HYDRO_6,101,6,U50,HYDRO,Hydro,Hydro,50,-6.79,1.05,50,0,16,-10,0,0,50,0,0,0,0,0,0,0,0,0.01,1980,20,2,0,1,0,0,0,NA,3412,0,0,0,NA,0,0,0,0,0,0,0,0,0,0,0,3.5,53,0.1,0.28,0,0
201_HYDRO_4,201,4,U50,HYDRO,Hydro,Hydro,50,4.15,1.05,50,0,16,-10,0,0,50,0,0,0,0,0,0,0,0,0.01,1980,20,2,0,1,0,0,0,NA,3412,0,0,0,NA,0,0,0,0,0,0,0,0,0,0,0,3.5,53,0.1,0.28,0,0
215_HYDRO_1,201,1,U50,HYDRO,Hydro,Hydro,50,16,1.0437,50,0,16,-10,0,0,50,0,0,0,0,0,0,0,0,0.01,1980,20,2,0,1,0,0,0,NA,3412,0,0,0,NA,0,0,0,0,0,0,0,0,0,0,0,3.5,53,0.1,0.28,0,0
215_HYDRO_2,201,2,U50,HYDRO,Hydro,Hydro,50,16,1.0437,50,0,16,-10,0,0,50,0,0,0,0,0,0,0,0,0.01,1980,20,2,0,1,0,0,0,NA,3412,0,0,0,NA,0,0,0,0,0,0,0,0,0,0,0,3.5,53,0.1,0.28,0,0
215_HYDRO_3,201,3,U50,HYDRO,Hydro,Hydro,50,16,1.0437,50,0,16,-10,0,0,50,0,0,0,0,0,0,0,0,0.01,1980,20,2,0,1,0,0,0,NA,3412,0,0,0,NA,0,0,0,0,0,0,0,0,0,0,0,3.5,53,0.1,0.28,0,0
222_HYDRO_1,201,1,U50,HYDRO,Hydro,Hydro,50,-6.97,1.05,50,0,16,-10,0,0,50,0,0,0,0,0,0,0,0,0.01,1980,20,2,0,1,0,0,0,NA,3412,0,0,0,NA,0,0,0,0,0,0,0,0,0,0,0,3.5,53,0.1,0.28,0,0
222_HYDRO_2,201,2,U50,HYDRO,Hydro,Hydro,50,-6.97,1.05,50,0,16,-10,0,0,50,0,0,0,0,0,0,0,0,0.01,1980,20,2,0,1,0,0,0,NA,3412,0,0,0,NA,0,0,0,0,0,0,0,0,0,0,0,3.5,53,0.1,0.28,0,0
222_HYDRO_3,201,3,U50,HYDRO,Hydro,Hydro,50,-6.97,1.05,50,0,16,-10,0,0,50,0,0,0,0,0,0,0,0,0.01,1980,20,2,0,1,0,0,0,NA,3412,0,0,0,NA,0,0,0,0,0,0,0,0,0,0,0,3.5,53,0.1,0.28,0,0
222_HYDRO_4,201,4,U50,HYDRO,Hydro,Hydro,50,-6.97,1.05,50,0,16,-10,0,0,50,0,0,0,0,0,0,0,0,0.01,1980,20,2,0,1,0,0,0,NA,3412,0,0,0,NA,0,0,0,0,0,0,0,0,0,0,0,3.5,53,0.1,0.28,0,0
222_HYDRO_5,201,5,U50,HYDRO,Hydro,Hydro,50,-6.97,1.05,50,0,16,-10,0,0,50,0,0,0,0,0,0,0,0,0.01,1980,20,2,0,1,0,0,0,NA,3412,0,0,0,NA,0,0,0,0,0,0,0,0,0,0,0,3.5,53,0.1,0.28,0,0
222_HYDRO_6,201,6,U50,HYDRO,Hydro,Hydro,50,-6.97,1.05,50,0,16,-10,0,0,50,0,0,0,0,0,0,0,0,0.01,1980,20,2,0,1,0,0,0,NA,3412,0,0,0,NA,0,0,0,0,0,0,0,0,0,0,0,3.5,53,0.1,0.28,0,0
322_HYDRO_1,301,1,U50,HYDRO,Hydro,Hydro,50,-5.13,1.05,50,0,16,-10,0,0,50,0,0,0,0,0,0,0,0,0.01,1980,20,2,0,1,0,0,0,NA,3412,0,0,0,NA,0,0,0,0,0,0,0,0,0,0,0,3.5,53,0.1,0.28,0,0
322_HYDRO_2,301,2,U50,HYDRO,Hydro,Hydro,50,-5.13,1.05,50,0,16,-10,0,0,50,0,0,0,0,0,0,0,0,0.01,1980,20,2,0,1,0,0,0,NA,3412,0,0,0,NA,0,0,0,0,0,0,0,0,0,0,0,3.5,53,0.1,0.28,0,0
322_HYDRO_3,301,3,U50,HYDRO,Hydro,Hydro,50,-5.13,1.05,50,0,16,-10,0,0,50,0,0,0,0,0,0,0,0,0.01,1980,20,2,0,1,0,0,0,NA,3412,0,0,0,NA,0,0,0,0,0,0,0,0,0,0,0,3.5,53,0.1,0.28,0,0
322_HYDRO_4,301,4,U50,HYDRO,Hydro,Hydro,50,-5.13,1.05,50,0,16,-10,0,0,50,0,0,0,0,0,0,0,0,0.01,1980,20,2,0,1,0,0,0,NA,3412,0,0,0,NA,0,0,0,0,0,0,0,0,0,0,0,3.5,53,0.1,0.28,0,0
320_PV_1,301,1,PV,PV,Solar PV,Solar,0,0,1,51.6,0,0,0,0,0,51.6,0,0,0,0,0,0,0,0,0,0,0,0,0,0,0,0,0,NA,0,0,0,0,NA,0,0,0,0,0,0,0,0,0,0,0,0,51.6,0,0,0,0
314_PV_1,301,1,PV,PV,Solar PV,Solar,0,0,1,51.6,0,0,0,0,0,51.6,0,0,0,0,0,0,0,0,0,0,0,0,0,0,0,0,0,NA,0,0,0,0,NA,0,0,0,0,0,0,0,0,0,0,0,0,51.6,0,0,0,0
314_PV_2,301,2,PV,PV,Solar PV,Solar,0,0,1,51.6,0,0,0,0,0,51.6,0,0,0,0,0,0,0,0,0,0,0,0,0,0,0,0,0,NA,0,0,0,0,NA,0,0,0,0,0,0,0,0,0,0,0,0,51.6,0,0,0,0
313_PV_1,301,1,PV,PV,Solar PV,Solar,0,0,1,95.1,0,0,0,0,0,95.1,0,0,0,0,0,0,0,0,0,0,0,0,0,0,0,0,0,NA,0,0,0,0,NA,0,0,0,0,0,0,0,0,0,0,0,0,95.1,0,0,0,0
314_PV_3,301,3,PV,PV,Solar PV,Solar,0,0,1,92.7,0,0,0,0,0,92.7,0,0,0,0,0,0,0,0,0,0,0,0,0,0,0,0,0,NA,0,0,0,0,NA,0,0,0,0,0,0,0,0,0,0,0,0,92.7,0,0,0,0
314_PV_4,301,4,PV,PV,Solar PV,Solar,0,0,1,51.6,0,0,0,0,0,51.6,0,0,0,0,0,0,0,0,0,0,0,0,0,0,0,0,0,NA,0,0,0,0,NA,0,0,0,0,0,0,0,0,0,0,0,0,51.6,0,0,0,0
313_PV_2,301,2,PV,PV,Solar PV,Solar,0,0,1,93.3,0,0,0,0,0,93.3,0,0,0,0,0,0,0,0,0,0,0,0,0,0,0,0,0,NA,0,0,0,0,NA,0,0,0,0,0,0,0,0,0,0,0,0,93.3,0,0,0,0
310_PV_1,301,1,PV,PV,Solar PV,Solar,0,0,1,51.7,0,0,0,0,0,51.7,0,0,0,0,0,0,0,0,0,0,0,0,0,0,0,0,0,NA,0,0,0,0,NA,0,0,0,0,0,0,0,0,0,0,0,0,51.7,0,0,0,0
324_PV_1,301,1,PV,PV,Solar PV,Solar,0,0,1,49.7,0,0,0,0,0,49.7,0,0,0,0,0,0,0,0,0,0,0,0,0,0,0,0,0,NA,0,0,0,0,NA,0,0,0,0,0,0,0,0,0,0,0,0,49.7,0,0,0,0
312_PV_1,301,1,PV,PV,Solar PV,Solar,0,0,1,94.1,0,0,0,0,0,94.1,0,0,0,0,0,0,0,0,0,0,0,0,0,0,0,0,0,NA,0,0,0,0,NA,0,0,0,0,0,0,0,0,0,0,0,0,94.1,0,0,0,0
310_PV_2,301,2,PV,PV,Solar PV,Solar,0,0,1,51.6,0,0,0,0,0,51.6,0,0,0,0,0,0,0,0,0,0,0,0,0,0,0,0,0,NA,0,0,0,0,NA,0,0,0,0,0,0,0,0,0,0,0,0,51.6,0,0,0,0
324_PV_2,301,2,PV,PV,Solar PV,Solar,0,0,1,51.6,0,0,0,0,0,51.6,0,0,0,0,0,0,0,0,0,0,0,0,0,0,0,0,0,NA,0,0,0,0,NA,0,0,0,0,0,0,0,0,0,0,0,0,51.6,0,0,0,0
324_PV_3,301,3,PV,PV,Solar PV,Solar,0,0,1,51,0,0,0,0,0,51,0,0,0,0,0,0,0,0,0,0,0,0,0,0,0,0,0,NA,0,0,0,0,NA,0,0,0,0,0,0,0,0,0,0,0,0,51,0,0,0,0
113_PV_1,101,1,PV,PV,Solar PV,Solar,0,0,1,93.6,0,0,0,0,0,93.6,0,0,0,0,0,0,0,0,0,0,0,0,0,0,0,0,0,NA,0,0,0,0,NA,0,0,0,0,0,0,0,0,0,0,0,0,93.6,0,0,0,0
319_PV_1,301,1,PV,PV,Solar PV,Solar,0,0,1,188.2,0,0,0,0,0,188.2,0,0,0,0,0,0,0,0,0,0,0,0,0,0,0,0,0,NA,0,0,0,0,NA,0,0,0,0,0,0,0,0,0,0,0,0,188.2,0,0,0,0
215_PV_1,201,1,PV,PV,Solar PV,Solar,0,0,1,125.1,0,0,0,0,0,125.1,0,0,0,0,0,0,0,0,0,0,0,0,0,0,0,0,0,NA,0,0,0,0,NA,0,0,0,0,0,0,0,0,0,0,0,0,125.1,0,0,0,0
102_PV_1,101,1,PV,PV,Solar PV,Solar,0,0,1,25.6,0,0,0,0,0,25.6,0,0,0,0,0,0,0,0,0,0,0,0,0,0,0,0,0,NA,0,0,0,0,NA,0,0,0,0,0,0,0,0,0,0,0,0,25.6,0,0,0,0
101_PV_1,101,1,PV,PV,Solar PV,Solar,0,0,1,25.9,0,0,0,0,0,25.9,0,0,0,0,0,0,0,0,0,0,0,0,0,0,0,0,0,NA,0,0,0,0,NA,0,0,0,0,0,0,0,0,0,0,0,0,25.9,0,0,0,0
102_PV_2,101,2,PV,PV,Solar PV,Solar,0,0,1,25.3,0,0,0,0,0,25.3,0,0,0,0,0,0,0,0,0,0,0,0,0,0,0,0,0,NA,0,0,0,0,NA,0,0,0,0,0,0,0,0,0,0,0,0,25.3,0,0,0,0
104_PV_1,101,1,PV,PV,Solar PV,Solar,0,0,1,26.8,0,0,0,0,0,26.8,0,0,0,0,0,0,0,0,0,0,0,0,0,0,0,0,0,NA,0,0,0,0,NA,0,0,0,0,0,0,0,0,0,0,0,0,26.8,0,0,0,0
212_CSP_1,201,1,CSP,CSP,CSP,Solar,0,0,1,200,30,0,0,1,1,20,1,0.5,0.17,0,0,0,10000,10000,0.04,576,24,0,0,0.15,0.33,0.6,0.8,1,0.83,0.989475983,1.05501992,1.055274725,1.042105263,1.1,0,0,0,0,0,0,0,0,0,0,0,200,0,0,0,0
101_PV_2,101,2,PV,PV,Solar PV,Solar,0,0,1,26.7,0,0,0,0,0,26.7,0,0,0,0,0,0,0,0,0,0,0,0,0,0,0,0,0,NA,0,0,0,0,NA,0,0,0,0,0,0,0,0,0,0,0,0,26.7,0,0,0,0
101_PV_3,101,3,PV,PV,Solar PV,Solar,0,0,1,26.2,0,0,0,0,0,26.2,0,0,0,0,0,0,0,0,0,0,0,0,0,0,0,0,0,NA,0,0,0,0,NA,0,0,0,0,0,0,0,0,0,0,0,0,26.2,0,0,0,0
101_PV_4,101,4,PV,PV,Solar PV,Solar,0,0,1,25.8,0,0,0,0,0,25.8,0,0,0,0,0,0,0,0,0,0,0,0,0,0,0,0,0,NA,0,0,0,0,NA,0,0,0,0,0,0,0,0,0,0,0,0,25.8,0,0,0,0
103_PV_1,101,1,PV,PV,Solar PV,Solar,0,0,1,61.5,0,0,0,0,0,61.5,0,0,0,0,0,0,0,0,0,0,0,0,0,0,0,0,0,NA,0,0,0,0,NA,0,0,0,0,0,0,0,0,0,0,0,0,61.5,0,0,0,0
119_PV_1,101,1,PV,PV,Solar PV,Solar,0,0,1,66.6,0,0,0,0,0,66.6,0,0,0,0,0,0,0,0,0,0,0,0,0,0,0,0,0,NA,0,0,0,0,NA,0,0,0,0,0,0,0,0,0,0,0,0,66.6,0,0,0,0
308_RTPV_1,301,1,RTPV,RTPV,Solar RTPV,Solar,0,0,1,100.9,0,0,0,0,0,100.9,0,0,0,0,0,0,0,0,0,0,0,0,0,0,0,0,0,NA,0,0,0,0,NA,0,0,0,0,0,0,0,0,0,0,0,0,100.9,0,0,0,0
313_RTPV_1,301,1,RTPV,RTPV,Solar RTPV,Solar,0,0,1,101.7,0,0,0,0,0,101.7,0,0,0,0,0,0,0,0,0,0,0,0,0,0,0,0,0,NA,0,0,0,0,NA,0,0,0,0,0,0,0,0,0,0,0,0,101.7,0,0,0,0
313_RTPV_2,301,2,RTPV,RTPV,Solar RTPV,Solar,0,0,1,63.1,0,0,0,0,0,63.1,0,0,0,0,0,0,0,0,0,0,0,0,0,0,0,0,0,NA,0,0,0,0,NA,0,0,0,0,0,0,0,0,0,0,0,0,63.1,0,0,0,0
313_RTPV_3,301,3,RTPV,RTPV,Solar RTPV,Solar,0,0,1,65.4,0,0,0,0,0,65.4,0,0,0,0,0,0,0,0,0,0,0,0,0,0,0,0,0,NA,0,0,0,0,NA,0,0,0,0,0,0,0,0,0,0,0,0,65.4,0,0,0,0
313_RTPV_4,301,4,RTPV,RTPV,Solar RTPV,Solar,0,0,1,67,0,0,0,0,0,67,0,0,0,0,0,0,0,0,0,0,0,0,0,0,0,0,0,NA,0,0,0,0,NA,0,0,0,0,0,0,0,0,0,0,0,0,67,0,0,0,0
313_RTPV_5,301,5,RTPV,RTPV,Solar RTPV,Solar,0,0,1,64.8,0,0,0,0,0,64.8,0,0,0,0,0,0,0,0,0,0,0,0,0,0,0,0,0,NA,0,0,0,0,NA,0,0,0,0,0,0,0,0,0,0,0,0,64.8,0,0,0,0
313_RTPV_6,301,6,RTPV,RTPV,Solar RTPV,Solar,0,0,1,63.8,0,0,0,0,0,63.8,0,0,0,0,0,0,0,0,0,0,0,0,0,0,0,0,0,NA,0,0,0,0,NA,0,0,0,0,0,0,0,0,0,0,0,0,63.8,0,0,0,0
313_RTPV_7,301,7,RTPV,RTPV,Solar RTPV,Solar,0,0,1,64.1,0,0,0,0,0,64.1,0,0,0,0,0,0,0,0,0,0,0,0,0,0,0,0,0,NA,0,0,0,0,NA,0,0,0,0,0,0,0,0,0,0,0,0,64.1,0,0,0,0
313_RTPV_8,301,8,RTPV,RTPV,Solar RTPV,Solar,0,0,1,66.6,0,0,0,0,0,66.6,0,0,0,0,0,0,0,0,0,0,0,0,0,0,0,0,0,NA,0,0,0,0,NA,0,0,0,0,0,0,0,0,0,0,0,0,66.6,0,0,0,0
313_RTPV_9,301,9,RTPV,RTPV,Solar RTPV,Solar,0,0,1,62.4,0,0,0,0,0,62.4,0,0,0,0,0,0,0,0,0,0,0,0,0,0,0,0,0,NA,0,0,0,0,NA,0,0,0,0,0,0,0,0,0,0,0,0,62.4,0,0,0,0
313_RTPV_10,301,10,RTPV,RTPV,Solar RTPV,Solar,0,0,1,66.9,0,0,0,0,0,66.9,0,0,0,0,0,0,0,0,0,0,0,0,0,0,0,0,0,NA,0,0,0,0,NA,0,0,0,0,0,0,0,0,0,0,0,0,66.9,0,0,0,0
313_RTPV_11,301,11,RTPV,RTPV,Solar RTPV,Solar,0,0,1,65.2,0,0,0,0,0,65.2,0,0,0,0,0,0,0,0,0,0,0,0,0,0,0,0,0,NA,0,0,0,0,NA,0,0,0,0,0,0,0,0,0,0,0,0,65.2,0,0,0,0
313_RTPV_12,301,12,RTPV,RTPV,Solar RTPV,Solar,0,0,1,27.8,0,0,0,0,0,27.8,0,0,0,0,0,0,0,0,0,0,0,0,0,0,0,0,0,NA,0,0,0,0,NA,0,0,0,0,0,0,0,0,0,0,0,0,27.8,0,0,0,0
320_RTPV_1,301,1,RTPV,RTPV,Solar RTPV,Solar,0,0,1,27.3,0,0,0,0,0,27.3,0,0,0,0,0,0,0,0,0,0,0,0,0,0,0,0,0,NA,0,0,0,0,NA,0,0,0,0,0,0,0,0,0,0,0,0,27.3,0,0,0,0
320_RTPV_2,301,2,RTPV,RTPV,Solar RTPV,Solar,0,0,1,27,0,0,0,0,0,27,0,0,0,0,0,0,0,0,0,0,0,0,0,0,0,0,0,NA,0,0,0,0,NA,0,0,0,0,0,0,0,0,0,0,0,0,27,0,0,0,0
320_RTPV_3,301,3,RTPV,RTPV,Solar RTPV,Solar,0,0,1,28.3,0,0,0,0,0,28.3,0,0,0,0,0,0,0,0,0,0,0,0,0,0,0,0,0,NA,0,0,0,0,NA,0,0,0,0,0,0,0,0,0,0,0,0,28.3,0,0,0,0
313_RTPV_13,301,13,RTPV,RTPV,Solar RTPV,Solar,0,0,1,27.2,0,0,0,0,0,27.2,0,0,0,0,0,0,0,0,0,0,0,0,0,0,0,0,0,NA,0,0,0,0,NA,0,0,0,0,0,0,0,0,0,0,0,0,27.2,0,0,0,0
320_RTPV_4,301,4,RTPV,RTPV,Solar RTPV,Solar,0,0,1,27,0,0,0,0,0,27,0,0,0,0,0,0,0,0,0,0,0,0,0,0,0,0,0,NA,0,0,0,0,NA,0,0,0,0,0,0,0,0,0,0,0,0,27,0,0,0,0
320_RTPV_5,301,5,RTPV,RTPV,Solar RTPV,Solar,0,0,1,28.2,0,0,0,0,0,28.2,0,0,0,0,0,0,0,0,0,0,0,0,0,0,0,0,0,NA,0,0,0,0,NA,0,0,0,0,0,0,0,0,0,0,0,0,28.2,0,0,0,0
118_RTPV_1,101,1,RTPV,RTPV,Solar RTPV,Solar,0,0,1,9.3,0,0,0,0,0,9.3,0,0,0,0,0,0,0,0,0,0,0,0,0,0,0,0,0,NA,0,0,0,0,NA,0,0,0,0,0,0,0,0,0,0,0,0,9.3,0,0,0,0
118_RTPV_2,101,2,RTPV,RTPV,Solar RTPV,Solar,0,0,1,9.7,0,0,0,0,0,9.7,0,0,0,0,0,0,0,0,0,0,0,0,0,0,0,0,0,NA,0,0,0,0,NA,0,0,0,0,0,0,0,0,0,0,0,0,9.7,0,0,0,0
118_RTPV_3,101,3,RTPV,RTPV,Solar RTPV,Solar,0,0,1,9.4,0,0,0,0,0,9.4,0,0,0,0,0,0,0,0,0,0,0,0,0,0,0,0,0,NA,0,0,0,0,NA,0,0,0,0,0,0,0,0,0,0,0,0,9.4,0,0,0,0
118_RTPV_4,101,4,RTPV,RTPV,Solar RTPV,Solar,0,0,1,9.1,0,0,0,0,0,9.1,0,0,0,0,0,0,0,0,0,0,0,0,0,0,0,0,0,NA,0,0,0,0,NA,0,0,0,0,0,0,0,0,0,0,0,0,9.1,0,0,0,0
118_RTPV_5,101,5,RTPV,RTPV,Solar RTPV,Solar,0,0,1,9.1,0,0,0,0,0,9.1,0,0,0,0,0,0,0,0,0,0,0,0,0,0,0,0,0,NA,0,0,0,0,NA,0,0,0,0,0,0,0,0,0,0,0,0,9.1,0,0,0,0
118_RTPV_6,101,6,RTPV,RTPV,Solar RTPV,Solar,0,0,1,9.7,0,0,0,0,0,9.7,0,0,0,0,0,0,0,0,0,0,0,0,0,0,0,0,0,NA,0,0,0,0,NA,0,0,0,0,0,0,0,0,0,0,0,0,9.7,0,0,0,0
320_RTPV_6,301,6,RTPV,RTPV,Solar RTPV,Solar,0,0,1,9.4,0,0,0,0,0,9.4,0,0,0,0,0,0,0,0,0,0,0,0,0,0,0,0,0,NA,0,0,0,0,NA,0,0,0,0,0,0,0,0,0,0,0,0,9.4,0,0,0,0
118_RTPV_7,101,7,RTPV,RTPV,Solar RTPV,Solar,0,0,1,11.8,0,0,0,0,0,11.8,0,0,0,0,0,0,0,0,0,0,0,0,0,0,0,0,0,NA,0,0,0,0,NA,0,0,0,0,0,0,0,0,0,0,0,0,11.8,0,0,0,0
118_RTPV_8,101,8,RTPV,RTPV,Solar RTPV,Solar,0,0,1,11.2,0,0,0,0,0,11.2,0,0,0,0,0,0,0,0,0,0,0,0,0,0,0,0,0,NA,0,0,0,0,NA,0,0,0,0,0,0,0,0,0,0,0,0,11.2,0,0,0,0
118_RTPV_9,101,9,RTPV,RTPV,Solar RTPV,Solar,0,0,1,10.3,0,0,0,0,0,10.3,0,0,0,0,0,0,0,0,0,0,0,0,0,0,0,0,0,NA,0,0,0,0,NA,0,0,0,0,0,0,0,0,0,0,0,0,10.3,0,0,0,0
118_RTPV_10,101,10,RTPV,RTPV,Solar RTPV,Solar,0,0,1,4.5,0,0,0,0,0,4.5,0,0,0,0,0,0,0,0,0,0,0,0,0,0,0,0,0,NA,0,0,0,0,NA,0,0,0,0,0,0,0,0,0,0,0,0,4.5,0,0,0,0
213_RTPV_1,201,1,RTPV,RTPV,Solar RTPV,Solar,0,0,1,13.2,0,0,0,0,0,13.2,0,0,0,0,0,0,0,0,0,0,0,0,0,0,0,0,0,NA,0,0,0,0,NA,0,0,0,0,0,0,0,0,0,0,0,0,13.2,0,0,0,0
309_WIND_1,301,1,WIND,WIND,Wind,Wind,0,0,1,148.3,0,0,0,0,0,148.3,0,0,0,0,0,0,0,0,0,0,0,0,0,0,0,0,0,NA,0,0,0,0,NA,0,0,0,0,0,0,0,0,0,0,0,0,148.3,0,0,0,0
317_WIND_1,301,1,WIND,WIND,Wind,Wind,0,0,1,799.1,0,0,0,0,0,799.1,0,0,0,0,0,0,0,0,0,0,0,0,0,0,0,0,0,NA,0,0,0,0,NA,0,0,0,0,0,0,0,0,0,0,0,0,799.1,0,0,0,0
303_WIND_1,301,1,WIND,WIND,Wind,Wind,0,0,1,847,0,0,0,0,0,847,0,0,0,0,0,0,0,0,0,0,0,0,0,0,0,0,0,NA,0,0,0,0,NA,0,0,0,0,0,0,0,0,0,0,0,0,847,0,0,0,0
122_WIND_1,101,1,WIND,WIND,Wind,Wind,0,0,1,713.5,0,0,0,0,0,713.5,0,0,0,0,0,0,0,0,0,0,0,0,0,0,0,0,0,NA,0,0,0,0,NA,0,0,0,0,0,0,0,0,0,0,0,0,713.5,0,0,0,0
313_STORAGE_1,301,1,STORAGE,STORAGE,Storage,Storage,0,0,1,50,0,0,0,0,0,50,0,0,0,0,0,0,0,0,0,0,0,0,0,0,0,0,0,NA,0,0,0,0,NA,0,0,0,0,0,0,0,0,0,0,0,0,50,0,0,50,85